keyword,volume,KD,cpc,intent,tier
how to create invoice,301000,28,13.57,informational,B-midterm
how to make an invoice,301000,28,13.57,informational,B-midterm
invoice template,201000,32,8.52,informational,B-midterm
invoice invoice template,201000,32,8.52,informational,B-midterm
invoice bill template,201000,32,8.52,informational,B-midterm
free invoice example,49500,31,7.15,informational,B-midterm
invoice templates for free,49500,35,7.15,informational,B-midterm
free invoice examples,49500,31,7.15,informational,B-midterm
free invoice generator by invoiced,27100,28,10.8,commercial,B-midterm
create invoice for free,27100,32,10.8,commercial,B-midterm
free invoice generators,27100,30,10.8,commercial,B-midterm
generate invoice for free,27100,28,10.8,commercial,B-midterm
invoice template word,22200,8,7.57,transactional,A-winnable-now
word doc invoice template,22200,28,7.57,informational,B-midterm
word document template invoice,22200,26,7.57,informational,B-midterm
invoice template word format,22200,30,7.57,informational,B-midterm
example invoice template word,22200,8,7.57,informational,A-winnable-now
words invoice template,22200,8,7.57,informational,A-winnable-now
invoice template word file,22200,19,7.57,transactional,A-winnable-now
invoice in word format,22200,26,7.57,informational,B-midterm
invoice example in word,22200,28,7.57,informational,B-midterm
invoice template canva,18100,7,9.55,transactional,A-winnable-now
canvas invoice template,18100,8,9.55,informational,A-winnable-now
what is an invoice,14800,6,13.24,informational,A-winnable-now
invoice generator with logo,14800,33,21.39,commercial,B-midterm
template of a receipt,14800,25,4.04,informational,B-midterm
receipt design template,14800,15,4.04,informational,A-winnable-now
invoice pricing,14800,9,7.64,commercial,A-winnable-now
invoice template google docs,12100,0,4.68,informational,A-winnable-now
proforma invoice,12100,8,18.27,transactional,A-winnable-now
pro forma invoice,12100,10,18.27,transactional,A-winnable-now
invoice template google doc,12100,0,4.68,informational,A-winnable-now
google documents invoice template,12100,0,4.68,informational,A-winnable-now
google forms invoice template,12100,0,4.68,informational,A-winnable-now
google form invoice template,12100,0,4.68,informational,A-winnable-now
google document invoice template,12100,0,4.68,informational,A-winnable-now
invoice format google docs,12100,0,4.68,informational,A-winnable-now
microsoft invoice template,9900,6,6.51,transactional,A-winnable-now
microsoft invoice template word,9900,12,6.51,transactional,A-winnable-now
invoice template in ms word,9900,12,6.51,transactional,A-winnable-now
sample invoice template microsoft word,9900,23,6.51,informational,B-midterm
microsoft word billing invoice template,9900,18,6.51,transactional,A-winnable-now
freshbooks invoice template,9900,0,13.56,informational,A-winnable-now
ms invoice template,9900,6,6.51,informational,A-winnable-now
ms word invoice format,9900,24,6.51,informational,B-midterm
invoice format microsoft word,9900,19,6.51,informational,A-winnable-now
examples of billing invoices,9900,17,1.13,informational,A-winnable-now
invoice meaning,9900,17,14.32,informational,A-winnable-now
invoice definition,8100,17,13.1,informational,A-winnable-now
receipt template rent,6600,0,2.68,informational,A-winnable-now
template for rental receipt,6600,2,2.68,informational,A-winnable-now
rental receipt template word,6600,0,2.68,informational,A-winnable-now
creating an invoice free,5400,32,11.68,informational,B-midterm
make invoice for free,5400,35,11.68,transactional,B-midterm
free invoice making,5400,35,11.68,commercial,B-midterm
receipt template word free,5400,9,3.87,informational,A-winnable-now
sample receipt template free,5400,6,3.87,informational,A-winnable-now
simple invoice template word,4400,18,5.86,informational,A-winnable-now
blank invoice template,4400,35,4.61,informational,B-midterm
blank invoice template word,4400,26,4.61,informational,B-midterm
invoice simple login,4400,35,16.09,navigational,B-midterm
square invoice template,4400,30,11.6,informational,B-midterm
empty invoice template,4400,32,4.61,informational,B-midterm
invoice format blank,4400,31,4.61,informational,B-midterm
invoice form blank,4400,30,4.61,informational,B-midterm
sample of blank invoice,4400,18,4.61,informational,A-winnable-now
blank invoice templates,4400,35,4.61,informational,B-midterm
blank invoice templates word,4400,26,4.61,informational,B-midterm
simple invoice,4400,24,6.61,informational,B-midterm
commercial invoice,3600,27,12.27,commercial,B-midterm
adobe express invoice template,3600,18,1.44,transactional,A-winnable-now
wise invoice generator,3600,0,49.97,commercial,A-winnable-now
how can i create an invoice,3600,21,13.2,informational,B-midterm
how to create and invoice,3600,21,13.2,informational,B-midterm
how.to create an invoice,3600,23,13.2,informational,B-midterm
commercial invoice and invoice,3600,0,12.27,informational,A-winnable-now
commercial customs invoice,3600,27,12.27,commercial,B-midterm
pdf invoice template,2900,33,7.26,informational,B-midterm
google sheets invoice template,2900,0,4.95,informational,A-winnable-now
commercial invoice template,2900,13,9.11,informational,A-winnable-now
commercial invoice template word,2900,6,9.11,transactional,A-winnable-now
google sheet template invoice,2900,13,4.95,informational,A-winnable-now
invoice xls template,2900,13,9.15,transactional,A-winnable-now
excel spreadsheet invoice template,2900,18,9.15,informational,A-winnable-now
sample excel invoice template,2900,28,9.15,informational,B-midterm
invoice template in excel format,2900,10,9.15,informational,A-winnable-now
google spreadsheets invoice template,2900,10,4.95,informational,A-winnable-now
google spreadsheet invoice template,2900,4,4.95,informational,A-winnable-now
excel sheet invoice template,2900,31,9.15,informational,B-midterm
excel invoice template,2900,31,9.15,informational,B-midterm
canva invoice generator,2900,3,13.06,commercial,A-winnable-now
invoice format in pdf,2900,17,7.26,informational,A-winnable-now
pdf sample invoice,2900,18,7.26,informational,A-winnable-now
pdf invoice templates,2900,31,7.26,informational,B-midterm
example invoice pdf,2900,16,7.26,informational,A-winnable-now
invoice samples pdf,2900,17,7.26,informational,A-winnable-now
pdf invoice form,2900,33,7.26,informational,B-midterm
invoice model pdf,2900,22,7.26,informational,B-midterm
invoice sample excel format,2900,11,9.15,informational,A-winnable-now
invoice format xls,2900,29,9.15,informational,B-midterm
format of commercial invoice,2900,13,9.11,informational,A-winnable-now
invoice blank,2900,33,4.27,informational,B-midterm
blank billing invoice,2900,35,4.27,informational,B-midterm
invoice to go,2900,31,17.66,transactional,B-midterm
invoice payment,2900,18,37.25,informational,A-winnable-now
how to write an invoice,2400,13,8.59,informational,A-winnable-now
invoice vs receipt,2400,3,13.65,informational,A-winnable-now
quickbook invoice template,2400,2,25.37,transactional,A-winnable-now
template for contractor invoice,2400,0,7.68,informational,A-winnable-now
free billing invoice template pdf,2400,30,5.92,informational,B-midterm
free billing invoice template word,2400,35,5.3,informational,B-midterm
invoice template word excel,2400,31,7.18,transactional,B-midterm
invoice form template excel,2400,12,7.18,informational,A-winnable-now
invoice contract template,2400,10,7.68,informational,A-winnable-now
contractor billing invoice template,2400,0,7.68,informational,A-winnable-now
free invoice template word download,2400,9,6.39,informational,A-winnable-now
sample invoice template free word,2400,9,5.3,informational,A-winnable-now
invoice template for contractors,2400,7,7.68,informational,A-winnable-now
zoho invoice template,2400,15,2.44,commercial,A-winnable-now
excel billing invoice template,2400,30,7.18,informational,B-midterm
contracting invoice template,2400,0,7.68,informational,A-winnable-now
sample contractor invoice template,2400,0,7.68,informational,A-winnable-now
quickbook invoice generator,2400,20,26.28,commercial,A-winnable-now
hubspot invoice generator,2400,28,48.81,commercial,B-midterm
quickbooks invoice generator,2400,20,26.28,commercial,A-winnable-now
free invoice samples word,2400,16,5.3,informational,A-winnable-now
sample invoice free download,2400,33,6.39,informational,B-midterm
free word templates invoice,2400,31,5.3,informational,B-midterm
free sample invoice in word,2400,23,5.3,informational,B-midterm
free invoice pdf,2400,33,5.92,informational,B-midterm
free invoice forms word,2400,2,5.3,informational,A-winnable-now
free word invoice form,2400,31,5.3,informational,B-midterm
quickbooks how to create an invoice,2400,2,26.28,informational,A-winnable-now
excel format of invoice,2400,30,7.18,informational,B-midterm
invoice bill format in excel,2400,4,7.18,informational,A-winnable-now
invoice excel sheet format,2400,29,7.18,informational,B-midterm
zoho invoice format,2400,6,2.44,commercial,A-winnable-now
contract invoice example,2400,0,7.68,informational,A-winnable-now
example of invoice in excel,2400,31,7.18,informational,B-midterm
contractor invoice example,2400,0,7.68,informational,A-winnable-now
mi tv serial number in invoice,2400,0,0,informational,A-winnable-now
cash payment receipt template,2400,7,1.41,informational,A-winnable-now
template for receipt of payment,2400,6,2.02,transactional,A-winnable-now
receipt of money template,2400,8,1.41,informational,A-winnable-now
receipt of cash template,2400,0,1.41,informational,A-winnable-now
cash paid receipt template,2400,6,1.41,informational,A-winnable-now
payment receipt template word,2400,1,2.02,informational,A-winnable-now
payment receipt sample template,2400,15,2.02,informational,A-winnable-now
cash receipt template for word,2400,12,1.41,informational,A-winnable-now
pay receipt template,2400,15,2.02,informational,A-winnable-now
cash received receipt template,2400,0,1.41,informational,A-winnable-now
stripe invoice,2400,35,6.62,informational,B-midterm
invoice receipt,2400,6,5.24,informational,A-winnable-now
zoho invoice templates,2400,2,2.44,commercial,A-winnable-now
invoice template printable,1900,33,4.09,informational,B-midterm
refrens invoice generator,1900,15,0,commercial,A-winnable-now
software invoice format,1900,31,7.39,informational,B-midterm
number of invoice,1900,3,13.7,informational,A-winnable-now
receipt for donation template,1900,0,3.87,informational,A-winnable-now
donor receipt template,1900,0,3.87,informational,A-winnable-now
donations receipt template,1900,0,3.87,informational,A-winnable-now
donation receipt template word,1900,0,3.87,informational,A-winnable-now
service invoice template,1600,32,4.78,informational,B-midterm
google invoice template,1600,0,5.28,informational,A-winnable-now
create invoice template,1600,32,11.85,transactional,B-midterm
invoice template for construction,1600,0,8.47,informational,A-winnable-now
freelance template invoice,1600,11,7.59,informational,A-winnable-now
microsoft office invoice template,1600,28,10.89,transactional,B-midterm
freelance writing invoice template,1600,0,7.59,transactional,A-winnable-now
make an invoice template,1600,33,11.85,transactional,B-midterm
construction work invoice template,1600,0,8.47,informational,A-winnable-now
invoice template for freelance writer,1600,0,7.59,transactional,A-winnable-now
freelancers invoice template,1600,8,7.59,commercial,A-winnable-now
making an invoice template,1600,33,11.85,informational,B-midterm
template invoice freelancer,1600,20,7.59,commercial,A-winnable-now
sample invoice template for services,1600,33,4.78,informational,B-midterm
ms office invoice template,1600,7,10.89,transactional,A-winnable-now
design invoice template,1600,29,11.85,informational,B-midterm
construction invoice template word,1600,8,8.47,informational,A-winnable-now
invoice template for construction company,1600,0,8.47,navigational,A-winnable-now
freelancing invoice template,1600,11,7.59,informational,A-winnable-now
invoice template for it services,1600,16,4.78,informational,A-winnable-now
pro invoice template,1600,31,12.52,commercial,B-midterm
builders invoice template word,1600,0,8.47,informational,A-winnable-now
professional invoice template word,1600,28,12.52,informational,B-midterm
invoice template for builders,1600,3,8.47,informational,A-winnable-now
construction billing invoice template,1600,4,8.47,informational,A-winnable-now
wave invoice generator,1600,18,5.96,commercial,A-winnable-now
waves invoice generator,1600,18,5.96,commercial,A-winnable-now
free printable invoice templates,1600,32,4.56,informational,B-midterm
free printable invoice sheets,1600,32,4.56,informational,B-midterm
canva invoice maker,1600,2,37.29,transactional,A-winnable-now
invoice bill format pdf,1600,30,8.56,informational,B-midterm
invoice format for construction company,1600,0,8.47,informational,A-winnable-now
freelancer invoice format,1600,3,7.59,informational,A-winnable-now
format of service invoice,1600,21,4.78,informational,B-midterm
freelance invoice format,1600,13,7.59,informational,A-winnable-now
services invoice example,1600,0,4.78,informational,A-winnable-now
service invoice example,1600,14,4.78,informational,A-winnable-now
freelancer invoice example,1600,12,7.59,informational,A-winnable-now
freelance invoice example,1600,12,7.59,informational,A-winnable-now
proforma invoice template word,1300,0,7.13,informational,A-winnable-now
proforma invoice template,1300,7,7.13,informational,A-winnable-now
fedex commercial invoice,1300,1,11.98,transactional,A-winnable-now
pro forma invoice example,1300,10,7.13,informational,A-winnable-now
quickbooks invoice template,1300,5,19.48,transactional,A-winnable-now
invoice pro forma template,1300,13,7.13,informational,A-winnable-now
qbo invoice template,1300,7,19.48,commercial,A-winnable-now
qb invoice template,1300,5,19.48,commercial,A-winnable-now
free invoice templates google docs,1300,8,4.89,informational,A-winnable-now
blank invoice forms free,1300,35,4.68,informational,B-midterm
how to create an invoice paypal,1300,20,9.34,informational,A-winnable-now
how do i create an invoice in paypal,1300,18,9.34,informational,A-winnable-now
quickbooks invoice format,1300,5,19.48,informational,A-winnable-now
invoice proforma format,1300,12,7.13,informational,A-winnable-now
proforma invoice example,1300,21,7.13,informational,B-midterm
fedex express commercial invoice,1300,0,11.98,informational,A-winnable-now
federal express commercial invoice,1300,0,11.98,informational,A-winnable-now
how to make an invoice for paypal,1300,27,9.34,informational,B-midterm
invoice processing,1300,6,66.63,commercial,A-winnable-now
example of invoice receipt,1000,23,5.88,informational,B-midterm
invoice receipt template,1000,30,5.88,informational,B-midterm
consulting invoice template,1000,0,3.94,commercial,A-winnable-now
auto repair invoice template,1000,0,8.4,informational,A-winnable-now
business invoice template,1000,32,10.85,informational,B-midterm
company invoice template word,1000,28,10.85,transactional,B-midterm
invoice template consultant,1000,0,3.94,commercial,A-winnable-now
car repair invoice template,1000,0,8.4,informational,A-winnable-now
sample invoice receipt template,1000,22,5.88,informational,B-midterm
receipt and invoice template,1000,30,5.88,informational,B-midterm
invoice template rental,1000,7,5.05,transactional,A-winnable-now
business invoice template word,1000,30,10.85,transactional,B-midterm
auto repair shop invoice template,1000,0,8.4,informational,A-winnable-now
invoice template consulting services,1000,4,3.94,commercial,A-winnable-now
waveapps invoice template,1000,0,4.77,commercial,A-winnable-now
consulting billing invoice template,1000,5,3.94,informational,A-winnable-now
invoice template for rent,1000,0,5.05,informational,A-winnable-now
wave invoice template,1000,0,4.77,informational,A-winnable-now
rental invoice template word,1000,0,5.05,informational,A-winnable-now
body shop repair invoice template,1000,0,8.4,informational,A-winnable-now
vehicle repair invoice template,1000,0,8.4,informational,A-winnable-now
auto repair invoice template word,1000,0,8.4,informational,A-winnable-now
wave accounting invoice template,1000,8,4.77,informational,A-winnable-now
receipted invoice template,1000,31,5.88,informational,B-midterm
free invoice creator app,1000,32,14.03,commercial,B-midterm
consultant invoice format,1000,0,3.94,informational,A-winnable-now
consulting invoice format,1000,6,3.94,transactional,A-winnable-now
invoice format for rent,1000,0,5.05,informational,A-winnable-now
consultant invoice example,1000,0,3.94,informational,A-winnable-now
auto repair invoice example,1000,0,8.4,informational,A-winnable-now
example of rental invoice,1000,0,5.05,informational,A-winnable-now
car repair invoice example,1000,0,8.4,informational,A-winnable-now
consulting invoice example,1000,3,3.94,informational,A-winnable-now
farfetch commercial invoice,1000,0,0,navigational,A-winnable-now
receipt template printable,1000,5,2.23,informational,A-winnable-now
billing receipt template,1000,22,5.88,informational,B-midterm
receipt bill template,1000,26,5.88,informational,B-midterm
printed receipt template,1000,22,2.23,transactional,B-midterm
print receipt template,1000,22,2.23,informational,B-midterm
custom invoice,1000,29,12.74,commercial,B-midterm
invoice receipt templates,1000,22,5.88,informational,B-midterm
invoice images,1000,8,1.2,informational,A-winnable-now
what is an invoice number,880,0,14.32,informational,A-winnable-now
invoice vs bill,880,3,0,informational,A-winnable-now
commercial invoice vs proforma invoice,880,0,0,informational,A-winnable-now
commercial invoice fedex template,880,0,14.92,transactional,A-winnable-now
downloadable invoice template word,880,13,7.28,transactional,A-winnable-now
email template for invoice,880,6,8.84,informational,A-winnable-now
invoice template adobe,880,12,11.16,transactional,A-winnable-now
skynova invoice template,880,3,3.23,informational,A-winnable-now
sky nova invoice template,880,13,3.23,informational,A-winnable-now
wave invoice maker,880,18,5.87,transactional,A-winnable-now
invoice email format,880,0,8.84,informational,A-winnable-now
invoice mail format,880,20,8.84,informational,A-winnable-now
sale invoice example,880,11,7.41,informational,A-winnable-now
commercial invoice vs pro forma invoice,880,0,0,informational,A-winnable-now
pro forma vs commercial invoice,880,0,0,informational,A-winnable-now
proforma vs commercial invoice,880,0,0,informational,A-winnable-now
commercial invoice form fedex,880,0,14.92,transactional,A-winnable-now
invoice number fedex,880,5,0,informational,A-winnable-now
receipt template for google docs,880,0,2.7,informational,A-winnable-now
receipt template simple,880,15,1.83,informational,A-winnable-now
receipt template word document,880,0,3.09,informational,A-winnable-now
basic receipt template word,880,9,1.83,informational,A-winnable-now
microsoft word receipt template,880,10,1.77,navigational,A-winnable-now
receipt template microsoft,880,3,1.77,informational,A-winnable-now
sample receipt template word,880,3,3.09,informational,A-winnable-now
sales receipt template,880,7,2.99,informational,A-winnable-now
ms word receipt template,880,0,1.77,informational,A-winnable-now
sales receipt template word,880,3,2.99,informational,A-winnable-now
receipt google doc template,880,0,2.7,informational,A-winnable-now
receipt template word doc,880,0,3.09,informational,A-winnable-now
sample sales receipt template,880,7,2.99,informational,A-winnable-now
sale receipt template word,880,0,2.99,informational,A-winnable-now
receipt template in word format,880,9,3.09,informational,A-winnable-now
template for a receipt of sale,880,3,2.99,informational,A-winnable-now
simple receipt template word,880,6,1.83,informational,A-winnable-now
adobe receipt template,880,8,9.94,informational,A-winnable-now
invoice tracker,880,0,31.44,commercial,A-winnable-now
itemized invoice,880,0,13.05,informational,A-winnable-now
quote vs invoice,880,0,33.69,informational,A-winnable-now
contractor invoice,880,0,9.29,informational,A-winnable-now
mechanic invoice template word,720,0,9.88,informational,A-winnable-now
invoice template independent contractor,720,0,7.85,informational,A-winnable-now
mechanic invoice template,720,0,9.88,informational,A-winnable-now
cleaning invoice template,720,0,6.23,informational,A-winnable-now
cleaner invoice template,720,0,6.23,informational,A-winnable-now
invoice for photography template,720,1,5.95,transactional,A-winnable-now
ms excel invoice template,720,9,9.37,transactional,A-winnable-now
individual contractor invoice template,720,0,7.85,informational,A-winnable-now
invoice template for mechanics,720,0,9.88,informational,A-winnable-now
independent contractor invoice template word,720,3,7.85,informational,A-winnable-now
photography invoice template word,720,3,5.95,transactional,A-winnable-now
microsoft office invoice template excel,720,17,9.37,transactional,A-winnable-now
auto mechanic invoice template,720,0,9.88,informational,A-winnable-now
clean invoice template,720,7,6.23,informational,A-winnable-now
photo invoice template,720,1,5.95,transactional,A-winnable-now
skynova free invoice,720,8,1.36,commercial,A-winnable-now
create an invoice on paypal,720,17,6.77,transactional,A-winnable-now
ms excel invoice format,720,6,9.37,informational,A-winnable-now
example photography invoice,720,0,5.95,informational,A-winnable-now
cleaning invoice example,720,0,6.23,informational,A-winnable-now
commercial invoice for ups,720,0,5.59,commercial,A-winnable-now
what is the commercial invoice,720,7,25.42,informational,A-winnable-now
blank receipt template,720,9,2.09,informational,A-winnable-now
receipt template pdf,720,9,3.61,informational,A-winnable-now
blank receipt template word,720,9,2.09,informational,A-winnable-now
labcorp invoice,720,0,0.18,commercial,A-winnable-now
outstanding invoice,720,0,0,informational,A-winnable-now
edi invoice,720,0,31.05,informational,A-winnable-now
invoice template excel free download,590,17,4.14,informational,A-winnable-now
invoice format in excel free download,590,8,4.14,informational,A-winnable-now
google docs invoice,590,3,6.74,transactional,A-winnable-now
what is an invoice payment,590,7,29.8,informational,A-winnable-now
free downloadable invoice template excel,590,17,4.14,informational,A-winnable-now
jobber invoice template,590,0,12.35,transactional,A-winnable-now
free invoice template downloads word,590,9,4.36,informational,A-winnable-now
invoice template for handyman,590,0,4.01,informational,A-winnable-now
handyman invoice template word,590,0,4.01,informational,A-winnable-now
invoice template xls free download,590,10,4.14,informational,A-winnable-now
shopify invoice generator,590,16,20.53,commercial,A-winnable-now
invoice templates excel free download,590,17,4.14,transactional,A-winnable-now
bill invoice format in excel free download,590,10,4.14,informational,A-winnable-now
invoice templates word free download,590,7,4.36,informational,A-winnable-now
billing invoice format in excel free download,590,10,4.14,transactional,A-winnable-now
invoice format in excel sheet free download,590,8,4.14,informational,A-winnable-now
invoice templates in excel free excel download,590,17,4.14,informational,A-winnable-now
create invoice shopify,590,3,20.53,transactional,A-winnable-now
handyman invoice example,590,0,4.01,informational,A-winnable-now
canada customs commercial invoice,590,0,9.66,informational,A-winnable-now
canada commercial invoice,590,0,9.66,informational,A-winnable-now
canadian commercial invoice,590,0,9.66,informational,A-winnable-now
nvc invoice id number,590,0,0,informational,A-winnable-now
invoice id number that the national visa center,590,0,0,informational,A-winnable-now
invoice identification number nvc,590,0,0,informational,A-winnable-now
national visa center invoice id number,590,1,0,informational,A-winnable-now
receipt book template word,590,0,3.29,informational,A-winnable-now
receipt book template,590,0,3.29,informational,A-winnable-now
non profit organization donation receipt template,590,3,5.54,transactional,A-winnable-now
donation receipt template for non profit,590,0,5.54,transactional,A-winnable-now
nonprofit receipt for donation template,590,0,5.54,transactional,A-winnable-now
not for profit donation receipt template,590,3,5.54,informational,A-winnable-now
donation receipt template for nonprofits,590,0,5.54,transactional,A-winnable-now
receipt booklet template,590,0,3.29,informational,A-winnable-now
cleaning invoice,590,0,5.91,commercial,A-winnable-now
invoice def,590,11,0.12,informational,A-winnable-now
invoice reconciliation,590,0,34.94,commercial,A-winnable-now
hyatt invoice,590,0,0,navigational,A-winnable-now
difference between invoice and receipt,590,2,0.02,informational,A-winnable-now
