keyword,volume,kd,intent
how to create invoice,301000,28,informational
how to make an invoice,301000,28,informational
vendor invoice management,49500,0,commercial
free invoice generator by invoiced,27100,28,commercial
generate invoice for free,27100,28,commercial
invoice template word,22200,8,transactional
word doc invoice template,22200,28,informational
invoice in word template,22200,8,transactional
template for invoice word,22200,8,informational
invoice on word template,22200,8,informational
word document template invoice,22200,26,informational
template for invoice on word,22200,8,informational
example invoice template word,22200,8,informational
template for invoice in word,22200,8,informational
word template of invoice,22200,8,informational
invoice template word file,22200,19,transactional
template of invoice in word,22200,17,transactional
invoice in word format,22200,26,informational
invoice format for word,22200,26,informational
invoice format word,22200,28,informational
invoice example in word,22200,28,informational
invoice example word,22200,19,informational
invoice home,22200,19,navigational
invoice template canva,18100,7,transactional
what is an invoice,18100,6,informational
template of a receipt,14800,25,informational
receipt design template,14800,15,informational
receipt template,14800,6,informational
template for receipt,14800,11,informational
template of receipt,14800,25,informational
invoice pricing,14800,9,commercial
invoice simple,14800,22,informational
invoice template google docs,12100,0,informational
proforma invoice,12100,8,transactional
pro forma invoice,12100,10,transactional
invoice template on google docs,12100,0,informational
google documents invoice template,12100,0,informational
google forms invoice template,12100,0,informational
invoice template for google docs,12100,0,informational
invoice template in google docs,12100,0,informational
invoice format google docs,12100,0,informational
proforma billing,12100,1,commercial
invoice meaning,12100,5,informational
microsoft invoice template,9900,6,transactional
microsoft invoice template word,9900,12,transactional
proforma meaning,9900,18,informational
invoice template in ms word,9900,12,transactional
ms word template for invoice,9900,12,transactional
sample invoice template microsoft word,9900,23,informational
template of an invoice in microsoft word,9900,12,transactional
invoice template on microsoft word,9900,12,transactional
ms word invoice template,9900,12,transactional
invoice template in microsoft word,9900,12,transactional
microsoft word template for invoice,9900,12,transactional
microsoft word billing invoice template,9900,18,transactional
freshbooks invoice template,9900,0,informational
ms invoice template,9900,6,informational
ms word invoice format,9900,24,informational
invoice format microsoft word,9900,19,informational
examples of billing invoices,9900,17,informational
invoice definition,8100,17,informational
open invoice,8100,0,informational
invoice pricing.com,8100,23,commercial
receipt template rent,6600,0,informational
rent receipt template word,6600,0,informational
rent receipt template for word,6600,0,informational
receipt for rent template,6600,0,informational
template for rental receipt,6600,2,informational
template of rent receipt,6600,0,informational
rental receipt template word,6600,0,informational
ups billing center invoice,6600,0,navigational
receipt template word free,5400,9,informational
sample receipt template free,5400,6,informational
receipt template for free,5400,22,informational
free receipt template,5400,11,informational
simple invoice template word,4400,18,informational
blank invoice template word,4400,26,informational
invoice template blank,4400,16,informational
sample of blank invoice,4400,18,informational
commercial invoice,3600,27,commercial
adobe express invoice template,3600,18,transactional
wise invoice generator,3600,0,commercial
how to create an invoice,3600,21,informational
how can i create an invoice,3600,21,informational
how to create and invoice,3600,21,informational
how.to create an invoice,3600,23,informational
commercial invoice and invoice,3600,0,informational
commercial customs invoice,3600,27,commercial
google sheets invoice template,2900,0,informational
commercial invoice template,2900,13,informational
commercial invoice template word,2900,6,transactional
template of commercial invoice,2900,11,informational
invoice xls template,2900,13,transactional
excel spreadsheet invoice template,2900,18,informational
invoice template pdf,2900,24,informational
invoice template in pdf,2900,24,informational
sample excel invoice template,2900,28,informational
invoice template in excel format,2900,10,informational
google spreadsheets invoice template,2900,10,informational
template for invoice pdf,2900,24,informational
template for commercial invoice,2900,13,informational
invoice template excel format,2900,11,informational
canva invoice generator,2900,3,commercial
invoice format in pdf,2900,17,informational
pdf sample invoice,2900,18,informational
example invoice pdf,2900,16,informational
sample of invoice pdf,2900,17,informational
invoice pdf form,2900,22,informational
invoice model pdf,2900,22,informational
invoice sample excel format,2900,11,informational
format of commercial invoice,2900,13,informational
format for commercial invoice,2900,13,informational
invoice payment,2900,18,informational
invoice factoring,2900,24,informational
invoice book,2900,2,informational
invoice template excel,2400,17,informational
how to write an invoice,2400,13,informational
invoice vs receipt,2400,3,informational
quickbook invoice template,2400,2,transactional
template for contractor invoice,2400,0,informational
invoice template pdf free,2400,28,informational
invoice form template excel,2400,12,informational
word invoice template free,2400,26,informational
invoice contract template,2400,10,informational
contractor billing invoice template,2400,0,informational
template contractor invoice,2400,7,informational
free invoice template word download,2400,9,informational
sample invoice template free word,2400,9,informational
zoho invoice template,2400,15,commercial
contracting invoice template,2400,0,informational
invoice template free for word,2400,9,informational
sample contractor invoice template,2400,0,informational
quickbook invoice generator,2400,20,commercial
hubspot invoice generator,2400,28,commercial
free invoice samples word,2400,16,informational
free sample invoice in word,2400,23,informational
free invoice format in word,2400,28,informational
free invoice forms word,2400,2,informational
free invoice forms for word,2400,11,informational
quickbooks how to create an invoice,2400,2,informational
format invoice excel,2400,8,informational
invoice bill format in excel,2400,4,informational
invoice format in excel,2400,8,informational
zoho invoice format,2400,6,commercial
invoice bill format excel,2400,8,informational
invoice format for excel,2400,8,informational
format of invoice in excel,2400,8,informational
format of invoice bill in excel,2400,4,informational
contract invoice example,2400,0,informational
contractor invoice example,2400,0,informational
invoice example excel,2400,25,informational
example of contractor invoice,2400,0,informational
mi tv serial number in invoice,2400,0,informational
cash payment receipt template,2400,7,informational
template for receipt of payment,2400,6,transactional
receipt of money template,2400,8,informational
receipt of cash template,2400,0,informational
template of receipt of payment,2400,7,informational
receipt money template,2400,22,informational
cash paid receipt template,2400,6,informational
free rent receipt template word,2400,0,informational
payment receipt template word,2400,1,informational
payment receipt template,2400,12,informational
template for payment receipt,2400,12,informational
payment receipt sample template,2400,15,informational
free rental receipt template word,2400,0,informational
cash receipt template,2400,12,informational
cash receipt template for word,2400,12,informational
receipt of cash payment template,2400,7,informational
free rent receipt template,2400,0,informational
free template for rental receipt,2400,0,informational
pay receipt template,2400,15,informational
sample receipt of payment template,2400,11,informational
receipt for cash payment template,2400,0,transactional
cash received receipt template,2400,0,informational
template for cash receipt,2400,12,informational
free template for rent receipt,2400,0,informational
invoice receipt,2400,6,informational
what is vendor invoice management,2400,0,informational
proforma invoice meaning,2400,0,informational
refrens invoice generator,1900,15,commercial
number of invoice,1900,3,informational
invoice number,1900,1,informational
receipt for donation template,1900,0,informational
receipt of donation template,1900,0,informational
donor receipt template,1900,0,informational
donations receipt template,1900,0,informational
donation receipt template word,1900,0,informational
google invoice template,1600,0,informational
invoice template for construction,1600,0,informational
freelance template invoice,1600,11,informational
microsoft office invoice template,1600,28,transactional
freelance writing invoice template,1600,0,transactional
construction work invoice template,1600,0,informational
invoice template for freelance writer,1600,0,transactional
freelancers invoice template,1600,8,commercial
invoice construction template,1600,0,informational
ms office invoice template,1600,7,transactional
template for freelance invoice,1600,11,informational
freelance writer invoice template,1600,0,transactional
invoice template for construction work,1600,0,transactional
construction invoice template word,1600,8,informational
invoice template for construction company,1600,0,navigational
invoice template for freelancer,1600,10,informational
freelancing invoice template,1600,11,informational
invoice template for it services,1600,16,informational
builders invoice template word,1600,0,informational
construction company invoice template,1600,6,informational
professional invoice template word,1600,28,informational
invoice template for builders,1600,3,informational
construction billing invoice template,1600,4,informational
wave invoice generator,1600,18,commercial
canva invoice maker,1600,2,transactional
invoice to pdf,1600,15,informational
pdf of invoice,1600,15,informational
invoice in pdf,1600,15,informational
invoice pdf,1600,15,informational
invoice format for construction company,1600,0,informational
services invoice format,1600,11,informational
freelancer invoice format,1600,3,informational
format of service invoice,1600,21,informational
construction company invoice format,1600,0,informational
freelance invoice format,1600,13,informational
services invoice example,1600,0,informational
freelancer invoice example,1600,12,informational
freelance invoice example,1600,12,informational
farfetch commercial invoice,1600,0,navigational
invoice factoring companies,1600,7,commercial
gross receipt meaning,1600,9,informational
google invoice,1600,9,transactional
