keyword,volume,kd,cpc,intent
google spreadsheet invoice template,5400,0,6.9,informational
invoice sample excel format,2900,9,12.6,informational
excel invoice templates,2900,29,12.6,informational
excel spreadsheet invoice template,2900,17,12.6,informational
draft invoice excel,2900,17,12.6,transactional
sample of an invoice in excel,2900,22,12.6,informational
sample excel invoice template,2900,13,12.6,informational
invoice template in excel format,2900,7,12.6,informational
excel sheet invoice template,2900,29,12.6,informational
invoice template excel format,2900,11,12.6,informational
excel format of invoice,2400,29,10.2,informational
invoice on excel template,2400,29,10.2,informational
format invoice excel,2400,5,10.2,informational
invoice sample in excel,2400,22,10.2,informational
invoice formats in excel,2400,5,10.2,informational
invoice pattern excel,2400,12,10.2,informational
excel invoice layout,2400,26,10.2,informational
excel templates for invoice,2400,29,10.2,informational
invoice in excel template,2400,29,10.2,informational
invoice example in excel,2400,10,10.2,informational
form invoice excel,2400,10,10.2,informational
sample of excel invoice,2400,22,10.2,informational
invoice form template excel,2400,13,10.2,informational
invoice example excel,2400,26,10.2,informational
invoice bill format in excel,2400,7,10.2,informational
invoice model excel,2400,25,10.2,informational
template of invoice in excel,2400,29,10.2,informational
excel sample invoice,2400,22,10.2,informational
invoice excel sheet format,2400,29,10.2,informational
template for invoice in excel,2400,29,10.2,informational
invoice bill format excel,2400,1,10.2,informational
invoice format for excel,2400,5,10.2,informational
format of invoice in excel,2400,5,10.2,informational
excel billing invoice template,2400,29,10.2,informational
format of an invoice in excel,2400,13,10.2,informational
format of invoice bill in excel,2400,4,10.2,informational
invoice form in excel,2400,10,10.2,informational
invoice format in pdf,2400,13,8.8,informational
pdf sample invoice,2400,18,8.8,informational
template pdf invoice,2400,20,8.8,informational
invoice template free pdf,2400,28,6.8,informational
example invoice pdf,2400,15,8.8,informational
free billing invoice template pdf,2400,28,6.8,informational
free sample invoice pdf,2400,20,6.8,informational
sample of invoice pdf,2400,10,8.8,informational
invoice template in pdf,2400,20,8.8,informational
pdf invoice format,2400,29,8.8,informational
template for invoice pdf,2400,20,8.8,informational
invoice model pdf,2400,23,8.8,informational
invoice to pdf,1600,10,11.9,informational
pdf of invoice,1600,10,11.9,informational
invoice in pdf,1600,10,11.9,informational
invoice bill format pdf,1600,29,11.9,informational
invoice pdf,1600,10,11.9,informational
ms excel invoice templates,1000,8,9.2,informational
microsoft excel invoice template,1000,7,9.2,transactional
ms excel invoice format,1000,7,9.2,informational
free excel template invoice,720,29,8.2,informational
sample invoice excel template free,720,29,8.2,informational
free excel template for invoice,720,29,8.2,informational
free invoice format in excel,720,17,8.2,informational
free excel invoice format,720,29,8.2,informational
free excel billing invoice template,720,29,8.2,informational
free sample invoice excel,720,29,8.2,informational
free invoice template in excel,720,26,8.2,informational
free excel invoice form,720,29,8.2,informational
blank pdf invoice,590,14,4.9,informational
how to make invoice excel,480,6,14.8,informational
how to make an invoice with excel,480,6,14.8,informational
how to make invoice with excel,480,6,14.8,informational
how to create an invoice using excel,480,10,14.8,informational
how to make an invoice excel,480,6,14.8,informational
how to make invoice in excel,480,7,14.8,informational
how to create an invoice with excel,480,5,14.8,informational
how to do invoice on excel,480,17,14.8,informational
how to make invoice on excel,480,6,14.8,informational
how to make an invoice in excel,480,6,14.8,informational
how to make invoice software in excel,480,6,14.8,informational
how to create excel invoice,480,5,14.8,informational
how to make invoice bill in excel,480,6,14.8,informational
how to make an invoice using excel,480,6,14.8,informational
how to create invoice in excel,480,5,14.8,informational
how to generate invoice in excel,480,0,14.8,informational
how to create invoice on excel,480,6,14.8,informational
how to make an invoice on excel,480,17,14.8,informational
how to create an invoice on excel,480,17,14.8,informational
how to do invoice in excel,480,9,14.8,informational
invoice template excel download free,480,13,6.1,informational
invoice template for microsoft excel,480,8,10.3,transactional
how do i make an invoice in excel,480,6,14.8,informational
free download sample invoice excel,480,29,6.1,informational
invoice template in excel free download,480,13,6.1,informational
excel format invoice free download,480,6,6.1,informational
bill invoice format in excel free download,480,13,6.1,informational
free downloadable invoice template excel,480,13,6.1,informational
free invoice format in excel download,480,6,6.1,informational
invoice template for excel free download,480,13,6.1,informational
microsoft office excel invoice template,480,17,10.3,transactional
billing invoice format in excel free download,480,6,6.1,transactional
invoice format in excel sheet free download,480,6,6.1,informational
invoice format excel sheet free download,480,13,6.1,informational
how make invoice in excel,480,6,14.8,informational
how do i create an invoice in excel,480,6,14.8,informational
how can i make invoice in excel,480,0,14.8,informational
invoice from excel,390,13,16.1,informational
sample of an invoice pdf,390,10,5.6,informational
sample invoice format pdf,390,22,5.6,informational
sample invoice form pdf,390,11,5.6,informational
invoice template word free download pdf,390,15,6.6,informational
invoice maker pdf,320,27,20.5,informational
free printable pdf blank invoice,320,28,3.8,transactional
invoice generator pdf,320,26,20.5,informational
invoice tracking template excel,260,0,3.7,informational
excel invoice tracker template,260,10,3.7,informational
excel templates for invoice tracking,260,0,3.7,informational
invoice tracking template in excel,260,0,3.7,informational
how to create an invoice excel,210,5,12.6,informational
how to create a invoice in excel,210,5,12.6,informational
how to set up invoice in excel,210,1,12.6,informational
how to produce an invoice in excel,210,10,12.6,informational
how to create an invoice in excel,210,17,12.6,informational
how to create invoice with excel,210,5,12.6,informational
generate invoice from excel,210,26,13.8,transactional
invoice generator in excel,210,11,13.8,commercial
excel invoice generator,210,6,13.8,commercial
how create invoice in excel,210,5,12.6,informational
invoice creator excel,210,29,13.8,transactional
generate an invoice from excel,210,6,13.8,transactional
generate invoice in excel,210,24,13.8,transactional
invoice maker excel,210,18,13.8,transactional
generate invoice excel,210,6,13.8,transactional
create invoice in excel,210,20,13.8,transactional
creating invoice in excel,210,4,13.8,informational
create invoice excel,210,10,13.8,transactional
create invoice from excel,210,22,13.8,transactional
pdf invoice template free download,210,17,6.3,informational
car repair invoice pdf,210,0,10.4,informational
pdf auto repair invoice,210,0,10.4,informational
automotive repair invoice pdf,210,0,10.4,informational
free invoice pdf download,210,25,6.3,informational
how to make invoice on word,210,2,22.8,informational
how to create an invoice on word,210,2,22.8,informational
how to create an invoice word,210,6,22.8,informational
how to make an invoice with word,210,4,22.8,informational
how to make an invoice on word,210,10,22.8,informational
how to create invoice in word,210,2,22.8,informational
how to create an invoice in word,210,1,22.8,informational
how to create an invoice using word,210,1,22.8,informational
how to make an invoice using word,210,9,22.8,informational
how to create invoice on word,210,0,22.8,informational
simple invoice template for excel,170,7,7.7,informational
simple invoice format in excel,170,3,7.7,informational
simple excel invoice template,170,26,7.7,informational
simple invoice format excel,170,3,7.7,transactional
blank invoice template pdf,170,29,5.3,informational
sample blank invoice pdf,170,8,5.3,informational
invoice spreadsheet example,170,18,5.6,informational
invoice tracker in excel,140,0,3.3,informational
creating an invoice in excel,140,4,27.6,informational
invoice tracker excel,140,6,3.3,informational
create invoice with excel,140,4,27.6,transactional
invoice making in excel,140,17,27.6,informational
create an invoice excel,140,7,27.6,transactional
create invoice on excel,140,4,27.6,transactional
create an invoice using excel,140,28,27.6,transactional
invoice tracking excel,140,0,3.3,informational
creating invoice on excel,140,17,27.6,informational
create an invoice on excel,140,24,27.6,transactional
make invoice with excel,140,10,27.6,transactional
make invoice in excel,140,28,27.6,transactional
creating an invoice on excel,140,4,27.6,informational
make invoice on excel,140,28,27.6,transactional
making an invoice on excel,140,28,27.6,transactional
create an invoice in excel,140,6,27.6,transactional
invoice tracking in excel,140,0,3.3,informational
make invoice excel,140,28,27.6,transactional
make an invoice on excel,140,28,27.6,transactional
make an invoice in excel,140,7,27.6,transactional
invoice tracker for excel,140,0,3.3,commercial
making an invoice in excel,140,28,27.6,informational
create invoice using excel,140,8,27.6,transactional
free pdf invoice,140,22,7.3,informational
editable pdf invoice,140,26,7.5,informational
fillable invoice pdf,140,14,7.5,informational
invoice format pdf download,140,16,10.6,informational
downloadable invoice pdf,140,15,10.6,informational
invoice pdf download,140,15,10.6,informational
pdf invoice template download,140,25,10.6,informational
invoice spreadsheet template,140,26,6.6,informational
invoice spreadsheet,140,26,10.9,informational
invoice to excel,110,16,11.6,informational
invoice excel,110,2,11.6,informational
proforma invoice template excel,110,0,10.2,informational
farfetch invoice pdf,110,0,0,informational
commercial invoice format pdf,110,1,6.4,informational
sample invoice pdf free download,110,16,7.4,informational
pdf commercial invoice,110,2,6.4,informational
commercial invoice form pdf,110,10,6.4,informational
invoice tracking spreadsheet,110,0,13.2,informational
spreadsheet for invoice tracking,110,0,13.2,informational
